"member","variable","h","point","lo90","hi90","origin_date"
"combo_equal","gdp_growth",1,0.549874010186218,-0.343920879197045,1.41701291975592,2026-01-01
"combo_equal","gdp_growth",2,0.534540751956114,-0.359534373564696,1.44389132635329,2026-01-01
"combo_equal","gdp_growth",3,0.623804141738847,-0.462357129445869,1.60305044309086,2026-01-01
"combo_equal","gdp_growth",4,0.645300255679975,-0.5104883332667,1.5109543206808,2026-01-01
"combo_equal","gdp_growth",5,0.588735816480736,-0.469804332972551,1.67641050521907,2026-01-01
"combo_equal","gdp_growth",6,0.623914390978912,-0.624681686069588,1.65833649002519,2026-01-01
"combo_equal","gdp_growth",7,0.575194200415299,-0.639223606960149,1.49470211043228,2026-01-01
"combo_equal","gdp_growth",8,0.578200894514747,-0.542033843971887,1.73514721823506,2026-01-01
"combo_equal","gdp_growth",9,0.598177661303399,-0.822619176036894,1.585167608442,2026-01-01
"combo_equal","gdp_growth",10,0.565017634825598,-0.699904103102277,1.54266287539368,2026-01-01
"combo_equal","gdp_growth",11,0.641966564691143,-0.513676935905343,1.91573288956318,2026-01-01
"combo_equal","gdp_growth",12,0.648829292273458,-0.562280499998397,1.81252076138189,2026-01-01
"combo_equal","cpi_inflation",1,0.788209300290612,0.472776391759839,1.13542334915676,2026-01-01
"combo_equal","cpi_inflation",2,0.783014908810217,0.396183109219452,1.13005179163276,2026-01-01
"combo_equal","cpi_inflation",3,0.764121965343264,0.373809782533969,1.16149979064196,2026-01-01
"combo_equal","cpi_inflation",4,0.768031623657415,0.352589455281512,1.14943399842605,2026-01-01
"combo_equal","cpi_inflation",5,0.782672669680544,0.371063082965724,1.19044152426329,2026-01-01
"combo_equal","cpi_inflation",6,0.767883585541552,0.366951970403463,1.17753490846108,2026-01-01
"combo_equal","cpi_inflation",7,0.757513974234997,0.339227552641049,1.22615855208985,2026-01-01
"combo_equal","cpi_inflation",8,0.769726842022061,0.374844942706996,1.25667840795624,2026-01-01
"combo_equal","cpi_inflation",9,0.736918595441311,0.298472825765497,1.19357901168633,2026-01-01
"combo_equal","cpi_inflation",10,0.74074080609145,0.271312938501041,1.20129677502238,2026-01-01
"combo_equal","cpi_inflation",11,0.738592925071666,0.246528837854307,1.21478531316274,2026-01-01
"combo_equal","cpi_inflation",12,0.73757752554299,0.207143617435073,1.27757820380148,2026-01-01
"combo_equal","unemp_rate",1,4.25094360832684,3.94901674357539,5.27959621337529,2026-01-01
"combo_equal","unemp_rate",2,4.27635421536961,3.81724936534493,5.13514822871047,2026-01-01
"combo_equal","unemp_rate",3,4.28539172766425,3.72778396845844,5.21759583626412,2026-01-01
"combo_equal","unemp_rate",4,4.340435157201,3.74507844859478,5.55005466417953,2026-01-01
"combo_equal","unemp_rate",5,4.36568474928298,3.55429974058312,5.46130316331694,2026-01-01
"combo_equal","unemp_rate",6,4.39726090248249,3.58380034217189,5.53260717907078,2026-01-01
"combo_equal","unemp_rate",7,4.38705510504985,3.49973880856431,5.72254880698106,2026-01-01
"combo_equal","unemp_rate",8,4.46590064217718,3.3917618428733,5.49606793273432,2026-01-01
"combo_equal","unemp_rate",9,4.4920930808824,3.51612877726264,5.74700755906405,2026-01-01
"combo_equal","unemp_rate",10,4.44506782273197,3.35567100347183,5.92961201269141,2026-01-01
"combo_equal","unemp_rate",11,4.4443049154532,3.29983077825042,5.78242908884893,2026-01-01
"combo_equal","unemp_rate",12,4.49248034743847,3.25206613629744,5.94437411893798,2026-01-01
"combo_equal","cash_rate",1,3.87976652233516,3.18731434646816,4.45803166843395,2026-01-01
"combo_equal","cash_rate",2,3.89210480371311,2.99919213372842,4.72727980602845,2026-01-01
"combo_equal","cash_rate",3,3.8548358827827,2.53267176112279,4.88543134423688,2026-01-01
"combo_equal","cash_rate",4,3.78927091666815,2.36987635871386,5.28077632017648,2026-01-01
"combo_equal","cash_rate",5,3.89535390155932,2.41448579589782,5.43276213488219,2026-01-01
"combo_equal","cash_rate",6,3.89063679776166,2.06383382984658,5.65906004149272,2026-01-01
"combo_equal","cash_rate",7,3.7887193471995,1.8930121756083,5.68239320147903,2026-01-01
"combo_equal","cash_rate",8,3.88221599536531,1.71556312901676,5.68809687256446,2026-01-01
"combo_equal","cash_rate",9,3.87828915265498,1.68855371088709,6.02939110126918,2026-01-01
"combo_equal","cash_rate",10,3.76574891690248,1.50440208817055,6.03279534283303,2026-01-01
"combo_equal","cash_rate",11,3.83856792074226,1.46108576643676,5.98642787250083,2026-01-01
"combo_equal","cash_rate",12,3.72998818257689,1.3231438913475,6.1327470602178,2026-01-01
"combo_logscore","gdp_growth",1,0.48974875992224,-0.391784763799888,1.48070954349013,2026-01-01
"combo_logscore","gdp_growth",2,0.518135573569093,-0.552218518851308,1.49887939270537,2026-01-01
"combo_logscore","gdp_growth",3,0.489870436227102,-0.442999154186334,1.58026088991546,2026-01-01
"combo_logscore","gdp_growth",4,0.568912164487919,-0.687816606063989,1.92107504844911,2026-01-01
"combo_logscore","gdp_growth",5,0.355422583556613,-1.96690377594052,2.56910189321462,2026-01-01
"combo_logscore","gdp_growth",6,0.399418247468183,-2.26644827285531,2.69611375982285,2026-01-01
"combo_logscore","gdp_growth",7,0.525334499840843,-2.23570173526579,2.6449135300638,2026-01-01
"combo_logscore","gdp_growth",8,0.377224525611441,-2.90635511032359,3.14205480887164,2026-01-01
"combo_logscore","gdp_growth",9,0.550757257489535,-2.74186221869834,3.00654676038861,2026-01-01
"combo_logscore","gdp_growth",10,0.517106491187179,-2.5839744154201,3.36295055238568,2026-01-01
"combo_logscore","gdp_growth",11,0.549176333597524,-2.76845031585309,3.47149073200731,2026-01-01
"combo_logscore","gdp_growth",12,0.578172663754673,-2.64664935718577,3.95866754988566,2026-01-01
"combo_logscore","cpi_inflation",1,0.806239796501759,0.543210025591346,1.14886699993084,2026-01-01
"combo_logscore","cpi_inflation",2,0.775647879217955,0.437837419452804,1.24724400353008,2026-01-01
"combo_logscore","cpi_inflation",3,0.79306045795916,0.379031529669466,1.36317200931147,2026-01-01
"combo_logscore","cpi_inflation",4,0.81639867946456,0.285029326448266,1.30877093084856,2026-01-01
"combo_logscore","cpi_inflation",5,0.77161844582842,0.121728503355618,1.36699188417715,2026-01-01
"combo_logscore","cpi_inflation",6,0.736519355782844,0.171752624509204,1.39029413374159,2026-01-01
"combo_logscore","cpi_inflation",7,0.737633030289481,0.10689802836069,1.46118772796503,2026-01-01
"combo_logscore","cpi_inflation",8,0.724692320289082,-0.0172766435186335,1.52918562892135,2026-01-01
"combo_logscore","cpi_inflation",9,0.754366129003104,-0.0767539684414771,1.70590380545825,2026-01-01
"combo_logscore","cpi_inflation",10,0.714094310087794,-0.0621246149876554,1.72246287582108,2026-01-01
"combo_logscore","cpi_inflation",11,0.685720095431467,-0.189317548930858,1.58134722839712,2026-01-01
"combo_logscore","cpi_inflation",12,0.736736420069852,-0.297981511897503,1.74637878849656,2026-01-01
"combo_logscore","unemp_rate",1,4.23739334589061,3.93447356306096,4.56141781135017,2026-01-01
"combo_logscore","unemp_rate",2,4.27003080452413,3.81161293630675,4.7752077099194,2026-01-01
"combo_logscore","unemp_rate",3,4.27510370280587,3.71617367198946,4.98083005079421,2026-01-01
"combo_logscore","unemp_rate",4,4.30644711049407,3.53354993341849,5.02980701647126,2026-01-01
"combo_logscore","unemp_rate",5,4.3905286440084,3.43596691490008,5.37878800609582,2026-01-01
"combo_logscore","unemp_rate",6,4.40945040805097,3.32706703552205,5.33742702762563,2026-01-01
"combo_logscore","unemp_rate",7,4.39661180614686,3.15487897681398,5.36586105921375,2026-01-01
"combo_logscore","unemp_rate",8,4.4566146300468,3.16032779436886,5.73907731748521,2026-01-01
"combo_logscore","unemp_rate",9,4.38522341387928,2.99591089136062,5.4579753628753,2026-01-01
"combo_logscore","unemp_rate",10,4.50029400339633,2.77345697031803,5.83897570585311,2026-01-01
"combo_logscore","unemp_rate",11,4.43970653828896,2.71257011068546,5.75621611273686,2026-01-01
"combo_logscore","unemp_rate",12,4.50804928333416,2.8530668210194,6.05133919235977,2026-01-01
"combo_logscore","cash_rate",1,3.89931725363042,3.403349455671,4.37437171767087,2026-01-01
"combo_logscore","cash_rate",2,3.89782655728937,3.20607720225353,4.81845825126057,2026-01-01
"combo_logscore","cash_rate",3,3.88224046526116,2.86663310326147,4.89095864488073,2026-01-01
"combo_logscore","cash_rate",4,3.87697181202232,2.49268836810094,5.03644884902174,2026-01-01
"combo_logscore","cash_rate",5,3.86209294267185,2.34694250847497,5.32918453662227,2026-01-01
"combo_logscore","cash_rate",6,3.86428678863134,2.27101070889607,5.29659379668576,2026-01-01
"combo_logscore","cash_rate",7,3.84333638880828,2.26364849342641,5.44683910043699,2026-01-01
"combo_logscore","cash_rate",8,3.86452290055192,2.18800996532086,5.40904335209737,2026-01-01
"combo_logscore","cash_rate",9,3.75606206622218,1.8008327072687,5.6865896016206,2026-01-01
"combo_logscore","cash_rate",10,3.68654204993218,1.76937807645096,5.84297234463693,2026-01-01
"combo_logscore","cash_rate",11,3.8878520343529,1.76410462987062,5.73595827096082,2026-01-01
"combo_logscore","cash_rate",12,3.74703222518748,1.69130413060991,6.0143301530567,2026-01-01
"combo_pool","gdp_growth",1,0.464724834727776,-0.401775557746536,1.33526625130881,2026-01-01
"combo_pool","gdp_growth",2,0.54856081996792,-0.67272251393772,1.51237517259751,2026-01-01
"combo_pool","gdp_growth",3,0.609685555780849,-0.658944529406398,1.63112422970331,2026-01-01
"combo_pool","gdp_growth",4,0.552331353995142,-0.635124273096689,1.59102290463641,2026-01-01
"combo_pool","gdp_growth",5,0.599052656433845,-0.88640827488548,1.6350337563516,2026-01-01
"combo_pool","gdp_growth",6,0.629709680009238,-0.884827366037439,1.73644656028663,2026-01-01
"combo_pool","gdp_growth",7,0.608024822085503,-1.06357881799859,1.603548675029,2026-01-01
"combo_pool","gdp_growth",8,0.567330271687255,-0.95429567663407,1.68399354591924,2026-01-01
"combo_pool","gdp_growth",9,0.643116410700224,-0.909175074320587,1.80164700252593,2026-01-01
"combo_pool","gdp_growth",10,0.598659740193295,-0.905873662426165,1.67232339641851,2026-01-01
"combo_pool","gdp_growth",11,0.618290550432991,-0.754344808328615,2.05807661797146,2026-01-01
"combo_pool","gdp_growth",12,0.587599906156142,-1.13322022767268,1.76188661829754,2026-01-01
"combo_pool","cpi_inflation",1,0.79788430737133,0.50384566626414,1.07123467982324,2026-01-01
"combo_pool","cpi_inflation",2,0.802042234484955,0.426426893069722,1.15428424192514,2026-01-01
"combo_pool","cpi_inflation",3,0.7797205118895,0.405297621650287,1.22117098897551,2026-01-01
"combo_pool","cpi_inflation",4,0.782695880362125,0.35672885847787,1.25333084017705,2026-01-01
"combo_pool","cpi_inflation",5,0.73829136135967,0.304288487784121,1.2075781818341,2026-01-01
"combo_pool","cpi_inflation",6,0.737262882860888,0.331585772911719,1.22859516598207,2026-01-01
"combo_pool","cpi_inflation",7,0.73542713763643,0.312573200676506,1.34434734633967,2026-01-01
"combo_pool","cpi_inflation",8,0.712216158281511,0.26779707265002,1.35713713869057,2026-01-01
"combo_pool","cpi_inflation",9,0.696943027176971,0.204583642728049,1.21410583527554,2026-01-01
"combo_pool","cpi_inflation",10,0.719931648371598,0.0337076062708587,1.25133501989996,2026-01-01
"combo_pool","cpi_inflation",11,0.703568295757613,0.110480738972453,1.38433760140589,2026-01-01
"combo_pool","cpi_inflation",12,0.679534721629325,0.0957819674402468,1.22502453332787,2026-01-01
"combo_pool","unemp_rate",1,4.26105575882287,3.95374920858698,4.87071234208309,2026-01-01
"combo_pool","unemp_rate",2,4.26504378004096,3.79741956746487,4.95615510054147,2026-01-01
"combo_pool","unemp_rate",3,4.32335685355643,3.76853193808745,5.13385576061309,2026-01-01
"combo_pool","unemp_rate",4,4.34008050697083,3.63521132300015,5.1547939719835,2026-01-01
"combo_pool","unemp_rate",5,4.40051227515091,3.54478015875116,5.5886412538654,2026-01-01
"combo_pool","unemp_rate",6,4.41525495573492,3.41030953188042,5.71459569343013,2026-01-01
"combo_pool","unemp_rate",7,4.49290961789089,3.31026564310539,5.80945014185835,2026-01-01
"combo_pool","unemp_rate",8,4.50026575552487,3.30761523985445,5.91551281079423,2026-01-01
"combo_pool","unemp_rate",9,4.49072747776569,3.26579202058027,5.65888312062907,2026-01-01
"combo_pool","unemp_rate",10,4.52732639168842,3.27265826619888,5.82065124603131,2026-01-01
"combo_pool","unemp_rate",11,4.48885793424906,2.97929362588896,5.67389292304411,2026-01-01
"combo_pool","unemp_rate",12,4.55323688163045,3.16530774493314,6.0057674464337,2026-01-01
"combo_pool","cash_rate",1,3.89264889396723,3.35497953344318,4.41552321114821,2026-01-01
"combo_pool","cash_rate",2,3.89900520912053,3.23284720422947,4.5365892209685,2026-01-01
"combo_pool","cash_rate",3,3.86766851447583,2.84669611095813,4.84950744576858,2026-01-01
"combo_pool","cash_rate",4,3.79822873377073,2.56496619374257,5.1584252054175,2026-01-01
"combo_pool","cash_rate",5,3.88393108381757,2.39080669861054,5.6272187531437,2026-01-01
"combo_pool","cash_rate",6,3.83530022570013,2.19890199552391,5.68078013192591,2026-01-01
"combo_pool","cash_rate",7,3.67137241955467,1.79463212484811,5.54172720695379,2026-01-01
"combo_pool","cash_rate",8,3.78140809948402,1.88288580814315,5.92161881645939,2026-01-01
"combo_pool","cash_rate",9,3.99141790933796,1.4158161437055,6.11872628218157,2026-01-01
"combo_pool","cash_rate",10,3.91058295266179,1.78295572220665,6.13731636552292,2026-01-01
"combo_pool","cash_rate",11,3.88888281995608,1.76811623675377,6.17243662091624,2026-01-01
"combo_pool","cash_rate",12,3.83798343332892,1.37991343348403,6.38168120191618,2026-01-01
"combo_bma","gdp_growth",1,0.379987063366732,-0.812186101654198,1.48359030221184,2026-01-01
"combo_bma","gdp_growth",2,0.45077801833313,-0.477782565433552,1.40916526676844,2026-01-01
"combo_bma","gdp_growth",3,0.45426308728792,-0.479356766745544,1.58026088991546,2026-01-01
"combo_bma","gdp_growth",4,0.478506075173612,-0.990750815364092,2.12414935088045,2026-01-01
"combo_bma","gdp_growth",5,0.359285702372735,-1.92106834307658,2.84239570260526,2026-01-01
"combo_bma","gdp_growth",6,0.215648402936029,-2.39498778366788,2.94852747329228,2026-01-01
"combo_bma","gdp_growth",7,0.226829115768099,-2.61667450337088,3.13538991233799,2026-01-01
"combo_bma","gdp_growth",8,0.428085243833658,-2.4131650206102,3.14305612904383,2026-01-01
"combo_bma","gdp_growth",9,0.498736871356796,-0.835312296988276,2.04375512962761,2026-01-01
"combo_bma","gdp_growth",10,0.577725606316852,-1.12517293765586,1.60598375526159,2026-01-01
"combo_bma","gdp_growth",11,0.614815890711961,-0.897032393083364,2.28116319747346,2026-01-01
"combo_bma","gdp_growth",12,0.562134285256459,-1.09609113079175,1.84392910470757,2026-01-01
"combo_bma","cpi_inflation",1,0.803640989769168,0.54973950792986,1.14668991953092,2026-01-01
"combo_bma","cpi_inflation",2,0.778331476211882,0.406897711310736,1.25195528167459,2026-01-01
"combo_bma","cpi_inflation",3,0.753727256262651,0.352281659902859,1.31606799189912,2026-01-01
"combo_bma","cpi_inflation",4,0.79796868292055,0.209668140477445,1.3349684095687,2026-01-01
"combo_bma","cpi_inflation",5,0.805979996828296,0.213114348794347,1.47396898627399,2026-01-01
"combo_bma","cpi_inflation",6,0.770525751195984,0.0404621056270364,1.48830852853689,2026-01-01
"combo_bma","cpi_inflation",7,0.746399352842057,-0.00150593623926501,1.56534490944843,2026-01-01
"combo_bma","cpi_inflation",8,0.646840596771307,-0.130728531868808,1.67005857997802,2026-01-01
"combo_bma","cpi_inflation",9,0.736754555168023,-0.101475295815321,1.74080538440034,2026-01-01
"combo_bma","cpi_inflation",10,0.714094310087794,-0.122526410751864,1.72161545432005,2026-01-01
"combo_bma","cpi_inflation",11,0.686341401268807,-0.188958296895512,1.81899516048961,2026-01-01
"combo_bma","cpi_inflation",12,0.747541096246468,-0.223398439169081,1.8603849744203,2026-01-01
"combo_bma","unemp_rate",1,4.24459835094934,3.94759213345327,4.56855395888504,2026-01-01
"combo_bma","unemp_rate",2,4.24084113015756,3.75301994457301,4.65864349821597,2026-01-01
"combo_bma","unemp_rate",3,4.29697168974743,3.60443014458727,5.01887873580699,2026-01-01
"combo_bma","unemp_rate",4,4.30402971971057,3.5329688064728,5.01951056370996,2026-01-01
"combo_bma","unemp_rate",5,4.36048402793032,3.30823891533595,5.1479041421522,2026-01-01
"combo_bma","unemp_rate",6,4.38426278277166,3.10983405112217,5.32680132797685,2026-01-01
"combo_bma","unemp_rate",7,4.40735732058831,3.03142115593354,5.27991688767654,2026-01-01
"combo_bma","unemp_rate",8,4.4549100807632,3.1958410176247,5.77564188846726,2026-01-01
"combo_bma","unemp_rate",9,4.45978566673412,2.99099021971666,5.93525944423863,2026-01-01
"combo_bma","unemp_rate",10,4.41778492503926,2.64838221464406,5.83897570585311,2026-01-01
"combo_bma","unemp_rate",11,4.46386284380717,2.31584076362069,6.03179025004505,2026-01-01
"combo_bma","unemp_rate",12,4.54993040354831,2.66735154557474,6.08829576074553,2026-01-01
"combo_bma","cash_rate",1,3.87181927759029,3.47165772597876,4.21356801866429,2026-01-01
"combo_bma","cash_rate",2,3.87758960308553,3.25148791604293,4.4003448673386,2026-01-01
"combo_bma","cash_rate",3,3.88029494434565,2.86716738818774,4.82768040732343,2026-01-01
"combo_bma","cash_rate",4,3.88222309773002,2.74476387771758,5.01772950499368,2026-01-01
"combo_bma","cash_rate",5,3.86239981408599,2.5103666822506,5.33644480992803,2026-01-01
"combo_bma","cash_rate",6,3.80460162129028,2.24273119604195,5.37185168960347,2026-01-01
"combo_bma","cash_rate",7,3.74791210994575,2.27260171230442,5.42708050718909,2026-01-01
"combo_bma","cash_rate",8,3.89597918744636,2.07968977359504,5.54475080923903,2026-01-01
"combo_bma","cash_rate",9,3.83874645989292,2.03694800140014,5.54658007558106,2026-01-01
"combo_bma","cash_rate",10,3.84608582251673,1.89497900078126,5.57531242040914,2026-01-01
"combo_bma","cash_rate",11,3.85868891188273,1.97120650043484,5.73595827096082,2026-01-01
"combo_bma","cash_rate",12,3.73100379595887,1.76150028323492,5.70746077067893,2026-01-01
"small_minn","gdp_growth",1,0.656729211312185,-0.216483455450422,1.36457576785321,2026-01-01
"small_minn","gdp_growth",2,0.612504222394866,-0.203194415343881,1.39802871698493,2026-01-01
"small_minn","gdp_growth",3,0.683896286322974,-0.139807985778184,1.3323095730414,2026-01-01
"small_minn","gdp_growth",4,0.698484748130895,-0.045991326620715,1.44275345868452,2026-01-01
"small_minn","gdp_growth",5,0.690703015504424,-0.183883110786959,1.4565893008036,2026-01-01
"small_minn","gdp_growth",6,0.700288004074992,-0.09404116684613,1.29211071449101,2026-01-01
"small_minn","gdp_growth",7,0.570256461428306,-0.113256102681496,1.39373388052173,2026-01-01
"small_minn","gdp_growth",8,0.633215942700733,-0.103502125756623,1.40416032058523,2026-01-01
"small_minn","gdp_growth",9,0.63114561534795,-0.164850438715794,1.54053792426553,2026-01-01
"small_minn","gdp_growth",10,0.659894813190692,-0.208070333899763,1.42787583912485,2026-01-01
"small_minn","gdp_growth",11,0.614522354711622,-0.0959379878123033,1.44336094627033,2026-01-01
"small_minn","gdp_growth",12,0.624519499878734,-0.0887684910134098,1.55282421919957,2026-01-01
"small_minn","cpi_inflation",1,0.810496975040021,0.551399128581549,1.1173437677418,2026-01-01
"small_minn","cpi_inflation",2,0.817558906936163,0.504306335113566,1.13543143745404,2026-01-01
"small_minn","cpi_inflation",3,0.814100604382639,0.478732659075381,1.12976773878025,2026-01-01
"small_minn","cpi_inflation",4,0.796792585253524,0.452061570702488,1.11181524771343,2026-01-01
"small_minn","cpi_inflation",5,0.784800532997551,0.46599548103227,1.07743344800324,2026-01-01
"small_minn","cpi_inflation",6,0.790950375525377,0.43948680175654,1.12530808631199,2026-01-01
"small_minn","cpi_inflation",7,0.786878458173412,0.462127294451821,1.11169058127934,2026-01-01
"small_minn","cpi_inflation",8,0.771559377076396,0.438648492321458,1.12702265384618,2026-01-01
"small_minn","cpi_inflation",9,0.77741314843046,0.436735984924065,1.07113246991033,2026-01-01
"small_minn","cpi_inflation",10,0.749043026387308,0.423325589254583,1.09068912520729,2026-01-01
"small_minn","cpi_inflation",11,0.767932841649267,0.452455716622972,1.0967833212141,2026-01-01
"small_minn","cpi_inflation",12,0.754277200287209,0.391280290519356,1.14435910894404,2026-01-01
"small_minn","unemp_rate",1,4.20301386806876,3.91723637566548,4.45232553951311,2026-01-01
"small_minn","unemp_rate",2,4.2077242696086,3.77017456047254,4.59080771181389,2026-01-01
"small_minn","unemp_rate",3,4.21067539448776,3.69613828393016,4.73882643498662,2026-01-01
"small_minn","unemp_rate",4,4.21305257041802,3.6465568632977,4.85499582106898,2026-01-01
"small_minn","unemp_rate",5,4.26199966045942,3.59073417392385,4.91121282249302,2026-01-01
"small_minn","unemp_rate",6,4.260009745711,3.44078612192968,5.04718072787365,2026-01-01
"small_minn","unemp_rate",7,4.26651629848224,3.44650993039063,5.11198063919643,2026-01-01
"small_minn","unemp_rate",8,4.23928928208853,3.40421119189423,5.19015981689546,2026-01-01
"small_minn","unemp_rate",9,4.26321248627869,3.34245603707929,5.2857834528879,2026-01-01
"small_minn","unemp_rate",10,4.25219153506413,3.25990153018092,5.33740000895665,2026-01-01
"small_minn","unemp_rate",11,4.24198178070169,3.25274551132328,5.39964159478746,2026-01-01
"small_minn","unemp_rate",12,4.21328462478239,3.21214936399859,5.45037570359627,2026-01-01
"small_minn","cash_rate",1,3.86641422761397,3.44186597275759,4.39219493801208,2026-01-01
"small_minn","cash_rate",2,3.90148894445138,3.10320683991779,4.66658899407221,2026-01-01
"small_minn","cash_rate",3,3.85903124599551,2.85578469241583,4.91390940071727,2026-01-01
"small_minn","cash_rate",4,3.83493944877556,2.54449077076847,5.06611272702535,2026-01-01
"small_minn","cash_rate",5,3.8611510245838,2.32684745823903,5.22844697184859,2026-01-01
"small_minn","cash_rate",6,3.84100626606667,2.06220723774642,5.46053379931229,2026-01-01
"small_minn","cash_rate",7,3.81511493188892,1.91360085682317,5.61391632506082,2026-01-01
"small_minn","cash_rate",8,3.72550184596624,1.83287374057151,5.66350678602106,2026-01-01
"small_minn","cash_rate",9,3.71418524160458,1.68685479917161,5.92322703486142,2026-01-01
"small_minn","cash_rate",10,3.6890770049989,1.63304784119607,5.98585587329586,2026-01-01
"small_minn","cash_rate",11,3.74715754370506,1.46397349195652,6.02232737945719,2026-01-01
"small_minn","cash_rate",12,3.74943577631113,1.38292288663505,6.10901564156049,2026-01-01
"small_ss","gdp_growth",1,0.598066128826489,-0.232813880297766,1.34716650663485,2026-01-01
"small_ss","gdp_growth",2,0.571411049484988,-0.206646808948236,1.33571574756116,2026-01-01
"small_ss","gdp_growth",3,0.598615683307313,-0.152418844246087,1.50430215921048,2026-01-01
"small_ss","gdp_growth",4,0.60731725014866,-0.18586538820386,1.46613434189551,2026-01-01
"small_ss","gdp_growth",5,0.595333839722172,-0.141660791188414,1.36474285319475,2026-01-01
"small_ss","gdp_growth",6,0.592682962637697,-0.160567315037245,1.37353886285053,2026-01-01
"small_ss","gdp_growth",7,0.573468515822744,-0.272489262923044,1.39672047179549,2026-01-01
"small_ss","gdp_growth",8,0.649668425762743,-0.163388785762057,1.37503210084948,2026-01-01
"small_ss","gdp_growth",9,0.669740129400837,-0.104538468711945,1.48618985551057,2026-01-01
"small_ss","gdp_growth",10,0.590875055112889,-0.117139917240108,1.36970508796825,2026-01-01
"small_ss","gdp_growth",11,0.61376836979106,-0.137240030715169,1.37650566916365,2026-01-01
"small_ss","gdp_growth",12,0.55484055488363,-0.129054158296059,1.29050616586224,2026-01-01
"small_ss","cpi_inflation",1,0.82890116650279,0.550973190562896,1.09365143605306,2026-01-01
"small_ss","cpi_inflation",2,0.81121272938963,0.475307508072152,1.12144873476176,2026-01-01
"small_ss","cpi_inflation",3,0.816343742699221,0.509100742983581,1.14472603078619,2026-01-01
"small_ss","cpi_inflation",4,0.816388439887963,0.498663220584349,1.109387997728,2026-01-01
"small_ss","cpi_inflation",5,0.796764781075362,0.486621983086622,1.15562358545308,2026-01-01
"small_ss","cpi_inflation",6,0.792496747111686,0.438061825495935,1.11272327624461,2026-01-01
"small_ss","cpi_inflation",7,0.800583675600186,0.484241114226345,1.15127342389838,2026-01-01
"small_ss","cpi_inflation",8,0.792575796093187,0.425353325085977,1.11592258739227,2026-01-01
"small_ss","cpi_inflation",9,0.779482735896928,0.405169980332804,1.05736110985116,2026-01-01
"small_ss","cpi_inflation",10,0.744799866223695,0.4465805432632,1.04851267745175,2026-01-01
"small_ss","cpi_inflation",11,0.746650566197232,0.413128736869423,1.0804476968167,2026-01-01
"small_ss","cpi_inflation",12,0.772082162097252,0.388183843447655,1.09519479866965,2026-01-01
"small_ss","unemp_rate",1,4.2352080223307,3.96880249769107,4.50214883099285,2026-01-01
"small_ss","unemp_rate",2,4.27026955523212,3.8475103229222,4.70644658036405,2026-01-01
"small_ss","unemp_rate",3,4.32425232729541,3.77544537198787,4.80304195551009,2026-01-01
"small_ss","unemp_rate",4,4.37413575715984,3.71825160562975,4.94848546531569,2026-01-01
"small_ss","unemp_rate",5,4.40817518979162,3.69814543918926,5.03251136061146,2026-01-01
"small_ss","unemp_rate",6,4.42849541801779,3.65375953543218,5.09489528850535,2026-01-01
"small_ss","unemp_rate",7,4.45098286601971,3.70615783573718,5.13723476125024,2026-01-01
"small_ss","unemp_rate",8,4.48616985324937,3.66494800396293,5.21736355260084,2026-01-01
"small_ss","unemp_rate",9,4.52694448367891,3.69699602370336,5.29680679205788,2026-01-01
"small_ss","unemp_rate",10,4.57692962593075,3.70835415371334,5.39108919990103,2026-01-01
"small_ss","unemp_rate",11,4.63695944241608,3.60542455016791,5.4059603499605,2026-01-01
"small_ss","unemp_rate",12,4.61545312324464,3.62840246592256,5.48745157470115,2026-01-01
"small_ss","cash_rate",1,3.88626452910647,3.44243715694474,4.37404843777701,2026-01-01
"small_ss","cash_rate",2,3.90916395688749,3.08653212271716,4.72763259394095,2026-01-01
"small_ss","cash_rate",3,3.87554941315832,2.79935621863298,5.02987784683981,2026-01-01
"small_ss","cash_rate",4,3.87871848499658,2.48067118668393,5.25219320093133,2026-01-01
"small_ss","cash_rate",5,3.87757814128214,2.34081832983269,5.42233453309301,2026-01-01
"small_ss","cash_rate",6,3.91611502733054,2.15478199873321,5.56465871114448,2026-01-01
"small_ss","cash_rate",7,3.95383211301746,2.22432929500642,5.78252956126797,2026-01-01
"small_ss","cash_rate",8,3.85730124408324,2.12358900645163,5.87771339605866,2026-01-01
"small_ss","cash_rate",9,3.99257646771231,1.90110367006671,5.86000044217964,2026-01-01
"small_ss","cash_rate",10,3.9694513934566,1.98186084086231,5.93438027871539,2026-01-01
"small_ss","cash_rate",11,3.86499104909664,1.76940478841213,6.00545332237509,2026-01-01
"small_ss","cash_rate",12,3.86289056481896,1.77845998389086,5.89545469565888,2026-01-01
"small_sv","gdp_growth",1,0.44854018593015,-0.779394403488072,1.46618498537187,2026-01-01
"small_sv","gdp_growth",2,0.498461869930423,-0.619110394084296,1.70299751616423,2026-01-01
"small_sv","gdp_growth",3,0.571791740120446,-0.433896315618119,1.67281402342462,2026-01-01
"small_sv","gdp_growth",4,0.55102141764674,-0.788141656610512,1.77901743147833,2026-01-01
"small_sv","gdp_growth",5,0.521941435041835,-0.880647377633251,1.89700029831935,2026-01-01
"small_sv","gdp_growth",6,0.495758201245339,-0.996538312644651,1.68410770489224,2026-01-01
"small_sv","gdp_growth",7,0.525040058929531,-1.15848913276325,1.77443329341204,2026-01-01
"small_sv","gdp_growth",8,0.624067750920088,-0.583362821484113,2.21348047271828,2026-01-01
"small_sv","gdp_growth",9,0.498736871356796,-0.851854333584935,1.93166126258719,2026-01-01
"small_sv","gdp_growth",10,0.536910643765408,-1.13577229809714,1.60598375526159,2026-01-01
"small_sv","gdp_growth",11,0.596657182850971,-0.893193872521346,2.28435606687463,2026-01-01
"small_sv","gdp_growth",12,0.546968276111432,-0.804680156190347,1.8761181008573,2026-01-01
"small_sv","cpi_inflation",1,0.807007816396834,0.511685509064823,1.07105374731814,2026-01-01
"small_sv","cpi_inflation",2,0.820214547582142,0.426067439431258,1.16931734858358,2026-01-01
"small_sv","cpi_inflation",3,0.793162893341265,0.382137326267757,1.17048693830195,2026-01-01
"small_sv","cpi_inflation",4,0.775317864570295,0.408332508840587,1.17495405630679,2026-01-01
"small_sv","cpi_inflation",5,0.777369448315212,0.34919936031346,1.26030661236027,2026-01-01
"small_sv","cpi_inflation",6,0.767072482558252,0.302156478787428,1.23913933342386,2026-01-01
"small_sv","cpi_inflation",7,0.771315740844241,0.277812560526393,1.22720767797629,2026-01-01
"small_sv","cpi_inflation",8,0.752366658828958,0.272679372803726,1.16657480317689,2026-01-01
"small_sv","cpi_inflation",9,0.734927728108656,0.223810187819748,1.17517251281946,2026-01-01
"small_sv","cpi_inflation",10,0.747438956168765,0.188200216125116,1.21792651385487,2026-01-01
"small_sv","cpi_inflation",11,0.734384993095415,0.139300074054663,1.2677997439023,2026-01-01
"small_sv","cpi_inflation",12,0.709529218880523,0.172739435243471,1.33864678363334,2026-01-01
"small_sv","unemp_rate",1,4.21984598612766,3.86822503676406,4.56310363616751,2026-01-01
"small_sv","unemp_rate",2,4.25355213636899,3.78611113872584,4.7622329228025,2026-01-01
"small_sv","unemp_rate",3,4.29831896746799,3.62065346408605,4.96886631055233,2026-01-01
"small_sv","unemp_rate",4,4.34508390136106,3.62667115841888,5.26310873295898,2026-01-01
"small_sv","unemp_rate",5,4.38401146717801,3.51589092916554,5.3504533185775,2026-01-01
"small_sv","unemp_rate",6,4.43444036297147,3.44047273235692,5.44539846313523,2026-01-01
"small_sv","unemp_rate",7,4.48401905539998,3.37764240563838,5.58218007766624,2026-01-01
"small_sv","unemp_rate",8,4.48787309540862,3.38996556358452,5.73653968974229,2026-01-01
"small_sv","unemp_rate",9,4.46068952636389,3.27209204294609,5.81473457665724,2026-01-01
"small_sv","unemp_rate",10,4.53882109315763,3.21265949914559,5.89823645469367,2026-01-01
"small_sv","unemp_rate",11,4.56946082417921,3.12809370085319,6.14421840186329,2026-01-01
"small_sv","unemp_rate",12,4.59754438414722,3.0744908691355,6.10952661118115,2026-01-01
"small_sv","cash_rate",1,3.8860443208163,3.47165772597876,4.2642855510895,2026-01-01
"small_sv","cash_rate",2,3.88442448296806,3.25991315443367,4.53684152579615,2026-01-01
"small_sv","cash_rate",3,3.84481067488464,2.98929466191644,4.68335495450124,2026-01-01
"small_sv","cash_rate",4,3.78789902494094,2.62475538700333,4.95575932755699,2026-01-01
"small_sv","cash_rate",5,3.68378969354202,2.28273695070869,4.98990780523606,2026-01-01
"small_sv","cash_rate",6,3.68642330113475,1.97941681999997,5.29086307927951,2026-01-01
"small_sv","cash_rate",7,3.56308426227232,1.69592381083727,5.54245740453316,2026-01-01
"small_sv","cash_rate",8,3.55557414624618,1.57492063386836,5.89652389909945,2026-01-01
"small_sv","cash_rate",9,3.50029327293925,1.25163088003385,6.62746164908836,2026-01-01
"small_sv","cash_rate",10,3.44286068319799,0.793858170653396,6.76857857581977,2026-01-01
"small_sv","cash_rate",11,3.40706307428254,0.543352292936973,7.04014267134567,2026-01-01
"small_sv","cash_rate",12,3.24882752981182,0.54834089781961,7.21697286532609,2026-01-01
"small_loose_p5","gdp_growth",1,0.588412152046643,-0.0816762592229566,1.28026071820691,2026-01-01
"small_loose_p5","gdp_growth",2,0.658697369777569,-0.0888587868155999,1.42943369014659,2026-01-01
"small_loose_p5","gdp_growth",3,0.57255883644296,-0.0682991897332518,1.49092599748737,2026-01-01
"small_loose_p5","gdp_growth",4,0.640333917764003,-0.165015209189535,1.45155496567242,2026-01-01
"small_loose_p5","gdp_growth",5,0.623807156025083,-0.103254561322312,1.46205372522127,2026-01-01
"small_loose_p5","gdp_growth",6,0.618941790396265,-0.225749779725898,1.38445199528618,2026-01-01
"small_loose_p5","gdp_growth",7,0.661206216571512,-0.203222836007604,1.47256514437222,2026-01-01
"small_loose_p5","gdp_growth",8,0.687601468498204,-0.143567982978173,1.37543362638428,2026-01-01
"small_loose_p5","gdp_growth",9,0.546193292877676,-0.308933768018356,1.49199075456572,2026-01-01
"small_loose_p5","gdp_growth",10,0.591738693128388,-0.299403295537916,1.40815389233539,2026-01-01
"small_loose_p5","gdp_growth",11,0.624936045955597,-0.123601814718757,1.48272493303213,2026-01-01
"small_loose_p5","gdp_growth",12,0.620512137902899,-0.27277330991226,1.53651101601534,2026-01-01
"small_loose_p5","cpi_inflation",1,0.829747361929547,0.586126192470937,1.10654408132046,2026-01-01
"small_loose_p5","cpi_inflation",2,0.844819375495051,0.527886854697403,1.16412230372723,2026-01-01
"small_loose_p5","cpi_inflation",3,0.844084589843264,0.456644806424886,1.19596516772406,2026-01-01
"small_loose_p5","cpi_inflation",4,0.846873035819699,0.473401225047729,1.23163183865053,2026-01-01
"small_loose_p5","cpi_inflation",5,0.826790988711382,0.422154202665963,1.2028364108894,2026-01-01
"small_loose_p5","cpi_inflation",6,0.838392721299511,0.409710003894594,1.25961730412496,2026-01-01
"small_loose_p5","cpi_inflation",7,0.818155202787221,0.4354385639282,1.25318234439274,2026-01-01
"small_loose_p5","cpi_inflation",8,0.8176651755114,0.410009885440617,1.25208609144881,2026-01-01
"small_loose_p5","cpi_inflation",9,0.832073341497602,0.412349373527808,1.22533883256685,2026-01-01
"small_loose_p5","cpi_inflation",10,0.804687353105692,0.40339814301168,1.23292876387367,2026-01-01
"small_loose_p5","cpi_inflation",11,0.806878509200255,0.385749196227363,1.23187863297239,2026-01-01
"small_loose_p5","cpi_inflation",12,0.763591031784894,0.293999166424597,1.23159876088269,2026-01-01
"small_loose_p5","unemp_rate",1,4.20323008632628,3.94023459614904,4.43211795714999,2026-01-01
"small_loose_p5","unemp_rate",2,4.20600469568048,3.86954115649618,4.58421675306969,2026-01-01
"small_loose_p5","unemp_rate",3,4.24301879716942,3.80872960257421,4.70578393731061,2026-01-01
"small_loose_p5","unemp_rate",4,4.28718204667375,3.72336147194139,4.85915159011287,2026-01-01
"small_loose_p5","unemp_rate",5,4.31974325488187,3.62100291309291,4.9879672754524,2026-01-01
"small_loose_p5","unemp_rate",6,4.33103844530171,3.61119590551815,5.06333274593541,2026-01-01
"small_loose_p5","unemp_rate",7,4.34623134602546,3.58583973991486,5.24570966457091,2026-01-01
"small_loose_p5","unemp_rate",8,4.32016613596734,3.57564327620536,5.29934259325238,2026-01-01
"small_loose_p5","unemp_rate",9,4.35956677696139,3.49715508940751,5.39877593429553,2026-01-01
"small_loose_p5","unemp_rate",10,4.36016801975713,3.45455136801988,5.53191778039421,2026-01-01
"small_loose_p5","unemp_rate",11,4.36573209109763,3.48309830025109,5.47045094079319,2026-01-01
"small_loose_p5","unemp_rate",12,4.39835033511493,3.36905407688971,5.58003950817492,2026-01-01
"small_loose_p5","cash_rate",1,3.97821095537178,3.60614086385232,4.31550382859422,2026-01-01
"small_loose_p5","cash_rate",2,3.97855307213796,3.31040623811908,4.66158569002163,2026-01-01
"small_loose_p5","cash_rate",3,3.90789897870517,2.80360308182969,4.83278056781005,2026-01-01
"small_loose_p5","cash_rate",4,3.76721120943139,2.41618756754282,4.9947872182578,2026-01-01
"small_loose_p5","cash_rate",5,3.67555297119413,2.08782500780881,5.20080579072892,2026-01-01
"small_loose_p5","cash_rate",6,3.60136617310441,1.77944902041662,5.32921009137903,2026-01-01
"small_loose_p5","cash_rate",7,3.58039699814677,1.58151526345595,5.44568247781442,2026-01-01
"small_loose_p5","cash_rate",8,3.64464087222723,1.36837870044434,5.68860322582133,2026-01-01
"small_loose_p5","cash_rate",9,3.62131522165371,1.03774512319201,5.79025664035418,2026-01-01
"small_loose_p5","cash_rate",10,3.52486416093144,0.810346513076188,5.80348296503484,2026-01-01
"small_loose_p5","cash_rate",11,3.46552059036878,0.834104719889141,6.02383373975557,2026-01-01
"small_loose_p5","cash_rate",12,3.45382990565789,0.627432393265939,6.0316965701155,2026-01-01
"medium_minn","gdp_growth",1,0.406693495470098,-0.469598792568813,1.48570138250706,2026-01-01
"medium_minn","gdp_growth",2,0.483801883005611,-0.341503918199298,1.49887939270537,2026-01-01
"medium_minn","gdp_growth",3,0.486437813770038,-0.538901868117425,1.58346107670041,2026-01-01
"medium_minn","gdp_growth",4,0.478490648058975,-0.965862170638257,2.04207143134747,2026-01-01
"medium_minn","gdp_growth",5,0.494316077029164,-0.777085709154894,1.94387192143691,2026-01-01
"medium_minn","gdp_growth",6,0.575168570787363,-0.60522146119926,2.05792244049587,2026-01-01
"medium_minn","gdp_growth",7,0.519151106449994,-1.20037587952629,1.9313047338429,2026-01-01
"medium_minn","gdp_growth",8,0.552895196125311,-0.866412850269724,2.26363008215097,2026-01-01
"medium_minn","gdp_growth",9,0.60564087208124,-0.875453855293981,2.21298333797955,2026-01-01
"medium_minn","gdp_growth",10,0.594951362430112,-1.39849936007866,2.08901446752416,2026-01-01
"medium_minn","gdp_growth",11,0.49386292421047,-1.27511381516452,1.92724198988506,2026-01-01
"medium_minn","gdp_growth",12,0.656897786119656,-1.0078722860735,2.40105262559216,2026-01-01
"medium_minn","cpi_inflation",1,0.807986900981734,0.454817807141355,1.16563256333873,2026-01-01
"medium_minn","cpi_inflation",2,0.804564258167718,0.435682678820968,1.15231706893793,2026-01-01
"medium_minn","cpi_inflation",3,0.8222303312397,0.455396931714392,1.20004766408266,2026-01-01
"medium_minn","cpi_inflation",4,0.815784766921988,0.397694381059695,1.21776333919277,2026-01-01
"medium_minn","cpi_inflation",5,0.833758341421926,0.412422829290355,1.27753537114603,2026-01-01
"medium_minn","cpi_inflation",6,0.782766045334568,0.402382460514543,1.17337717175414,2026-01-01
"medium_minn","cpi_inflation",7,0.795755646193564,0.370294940289778,1.3510511471452,2026-01-01
"medium_minn","cpi_inflation",8,0.810555702323868,0.356823138214042,1.25399178458389,2026-01-01
"medium_minn","cpi_inflation",9,0.813931266659513,0.302827191365981,1.29049056187883,2026-01-01
"medium_minn","cpi_inflation",10,0.799307737675799,0.350533198272789,1.26743046425539,2026-01-01
"medium_minn","cpi_inflation",11,0.801984127777576,0.304335796116672,1.31997501454001,2026-01-01
"medium_minn","cpi_inflation",12,0.80438645085968,0.298938528473818,1.36214987174868,2026-01-01
"medium_minn","unemp_rate",1,4.23704105666281,3.9341417319168,4.56177461872692,2026-01-01
"medium_minn","unemp_rate",2,4.2580057693489,3.77701310495365,4.74387878357007,2026-01-01
"medium_minn","unemp_rate",3,4.27772727021171,3.68580638264236,4.98085795293304,2026-01-01
"medium_minn","unemp_rate",4,4.30438145383456,3.5329688064728,4.99508858241585,2026-01-01
"medium_minn","unemp_rate",5,4.38871991143556,3.40876548107817,5.24896613535452,2026-01-01
"medium_minn","unemp_rate",6,4.39192403861392,3.15222557913408,5.32733261295929,2026-01-01
"medium_minn","unemp_rate",7,4.41645150197261,3.04402686541508,5.56530236544819,2026-01-01
"medium_minn","unemp_rate",8,4.44043825487899,3.00339133160784,5.71356810423063,2026-01-01
"medium_minn","unemp_rate",9,4.44208734473461,2.67079883560725,5.8406230512878,2026-01-01
"medium_minn","unemp_rate",10,4.43374094570176,2.56866518590299,5.86873705471855,2026-01-01
"medium_minn","unemp_rate",11,4.47074564497271,2.56646047488158,5.99890185471106,2026-01-01
"medium_minn","unemp_rate",12,4.55711748406499,2.77496218937415,6.17772724158881,2026-01-01
"medium_minn","cash_rate",1,3.98732236219273,3.65748252713379,4.34306642841857,2026-01-01
"medium_minn","cash_rate",2,4.1104827097733,3.5344884219461,4.70581731411104,2026-01-01
"medium_minn","cash_rate",3,4.18251808360777,3.26739928340591,5.10251482473351,2026-01-01
"medium_minn","cash_rate",4,4.21383254350188,3.24594052684895,5.399780362183,2026-01-01
"medium_minn","cash_rate",5,4.23740008715832,2.93854455346633,5.65784707316037,2026-01-01
"medium_minn","cash_rate",6,4.30180733764399,2.75936992533273,5.68738593611362,2026-01-01
"medium_minn","cash_rate",7,4.33319348524341,2.79478682017935,5.63689112083388,2026-01-01
"medium_minn","cash_rate",8,4.33233818255685,2.59250776165198,5.92594710509478,2026-01-01
"medium_minn","cash_rate",9,4.36924490372414,2.33170664846637,6.36810223451486,2026-01-01
"medium_minn","cash_rate",10,4.31257629663518,2.13215052559026,6.4637312496058,2026-01-01
"medium_minn","cash_rate",11,4.37533732001702,1.88134300444437,6.70933159964492,2026-01-01
"medium_minn","cash_rate",12,4.33935098616096,1.5939932908194,6.90998696945177,2026-01-01
"medium_conj","gdp_growth",1,0.615493607734903,-0.197442553325204,1.28734249239306,2026-01-01
"medium_conj","gdp_growth",2,0.684911435118995,-0.0805621901418871,1.38427254405704,2026-01-01
"medium_conj","gdp_growth",3,0.651690709068282,-0.00843652407471215,1.35309234031363,2026-01-01
"medium_conj","gdp_growth",4,0.633219120631783,-0.0484785834304841,1.38976726040374,2026-01-01
"medium_conj","gdp_growth",5,0.669520048889939,-0.0729658204651723,1.38000350086688,2026-01-01
"medium_conj","gdp_growth",6,0.70166080395647,-0.0222959348578716,1.32838007104763,2026-01-01
"medium_conj","gdp_growth",7,0.616647377497424,-0.0440569435112876,1.32589685654906,2026-01-01
"medium_conj","gdp_growth",8,0.605131826785767,-0.12303434494731,1.32068400660129,2026-01-01
"medium_conj","gdp_growth",9,0.682409114996033,-0.0361065691311261,1.43305174914504,2026-01-01
"medium_conj","gdp_growth",10,0.648315823468978,0.0159090631648608,1.36717501701373,2026-01-01
"medium_conj","gdp_growth",11,0.659084335277046,-0.03835842566862,1.36782857837646,2026-01-01
"medium_conj","gdp_growth",12,0.609922116326559,-0.0133735655530254,1.28507866366699,2026-01-01
"medium_conj","cpi_inflation",1,0.81135672972004,0.526282047213061,1.07643679905091,2026-01-01
"medium_conj","cpi_inflation",2,0.764366934081345,0.480312596994227,1.07940880336389,2026-01-01
"medium_conj","cpi_inflation",3,0.749825814499646,0.457714528088053,1.05001665325248,2026-01-01
"medium_conj","cpi_inflation",4,0.722400683984723,0.409760331001721,1.04647792974537,2026-01-01
"medium_conj","cpi_inflation",5,0.7209784635928,0.419789265307777,1.05370086183742,2026-01-01
"medium_conj","cpi_inflation",6,0.718362724837621,0.447332210378561,0.994141362097224,2026-01-01
"medium_conj","cpi_inflation",7,0.727247592139862,0.479066424086012,1.05228884970353,2026-01-01
"medium_conj","cpi_inflation",8,0.725933760884297,0.419848578879386,0.995549681032617,2026-01-01
"medium_conj","cpi_inflation",9,0.717184532932063,0.388423966254789,1.03268994541014,2026-01-01
"medium_conj","cpi_inflation",10,0.714893906399529,0.383649888595648,1.00017883230938,2026-01-01
"medium_conj","cpi_inflation",11,0.73152347039119,0.360970735000786,1.03563775730031,2026-01-01
"medium_conj","cpi_inflation",12,0.721680061377786,0.395153752001475,1.05991061411655,2026-01-01
"medium_conj","unemp_rate",1,4.20523002671645,3.98492173078951,4.43819545569887,2026-01-01
"medium_conj","unemp_rate",2,4.21869031036172,3.86237133047408,4.60906610075869,2026-01-01
"medium_conj","unemp_rate",3,4.22927452335823,3.75107194607139,4.77268266254266,2026-01-01
"medium_conj","unemp_rate",4,4.24731497302147,3.71188738891361,4.90500701415032,2026-01-01
"medium_conj","unemp_rate",5,4.26135737952227,3.6139676304222,5.00063141124271,2026-01-01
"medium_conj","unemp_rate",6,4.27938120340603,3.57574322087211,5.09821915213585,2026-01-01
"medium_conj","unemp_rate",7,4.27247456852231,3.53836958266336,5.09567792684171,2026-01-01
"medium_conj","unemp_rate",8,4.29279832892397,3.52592203275759,5.17113090085834,2026-01-01
"medium_conj","unemp_rate",9,4.30007248890831,3.39518915622483,5.24936335718504,2026-01-01
"medium_conj","unemp_rate",10,4.29238116313227,3.37443741390619,5.22921858104831,2026-01-01
"medium_conj","unemp_rate",11,4.30449450196557,3.28002546430063,5.3040248678999,2026-01-01
"medium_conj","unemp_rate",12,4.30791595052136,3.24050503563586,5.35927380990957,2026-01-01
"medium_conj","cash_rate",1,3.84880995698339,3.41090563357051,4.24039785286562,2026-01-01
"medium_conj","cash_rate",2,3.81957604457406,3.11986692673757,4.52363271255638,2026-01-01
"medium_conj","cash_rate",3,3.72478047417688,2.82527477228487,4.66355406198494,2026-01-01
"medium_conj","cash_rate",4,3.67236567065876,2.59614892729853,4.81983139609645,2026-01-01
"medium_conj","cash_rate",5,3.65165710140732,2.45541468537444,4.92896522006479,2026-01-01
"medium_conj","cash_rate",6,3.64107757921086,2.3327494281325,5.04315765582775,2026-01-01
"medium_conj","cash_rate",7,3.60625493881324,2.20537113494938,5.13199767419429,2026-01-01
"medium_conj","cash_rate",8,3.53874885272802,1.8786186211064,5.42287165020921,2026-01-01
"medium_conj","cash_rate",9,3.48732882229747,1.83586454418238,5.79110421143104,2026-01-01
"medium_conj","cash_rate",10,3.50633186765006,1.65522222220246,5.75653356019273,2026-01-01
"medium_conj","cash_rate",11,3.46688040980429,1.58826362246305,5.94135618838591,2026-01-01
"medium_conj","cash_rate",12,3.39182169424087,1.46981842074503,6.0500708560476,2026-01-01
"small_tight","gdp_growth",1,0.61807093183458,-0.0999784301589709,1.38086580796958,2026-01-01
"small_tight","gdp_growth",2,0.601478477664956,-0.183844410400634,1.40994477419555,2026-01-01
"small_tight","gdp_growth",3,0.623033046623776,-0.157899283449296,1.41961327528983,2026-01-01
"small_tight","gdp_growth",4,0.650614201216518,-0.157739720632365,1.32416950001355,2026-01-01
"small_tight","gdp_growth",5,0.625149555413593,-0.190243312822085,1.45112519025778,2026-01-01
"small_tight","gdp_growth",6,0.677619226095052,-0.0310209708515675,1.37100064915902,2026-01-01
"small_tight","gdp_growth",7,0.615424770075666,-0.162452719395482,1.36410205737725,2026-01-01
"small_tight","gdp_growth",8,0.632493663710762,-0.20832997675657,1.39282394471058,2026-01-01
"small_tight","gdp_growth",9,0.629237415255977,-0.14746461042269,1.37929445705559,2026-01-01
"small_tight","gdp_growth",10,0.647320676411513,-0.14516306126491,1.34282830377204,2026-01-01
"small_tight","gdp_growth",11,0.592828081600619,-0.129581474677301,1.3341092749477,2026-01-01
"small_tight","gdp_growth",12,0.641060617967615,-0.0712487836177227,1.36641615587726,2026-01-01
"small_tight","cpi_inflation",1,0.806899870012305,0.487720948726236,1.10035731267134,2026-01-01
"small_tight","cpi_inflation",2,0.806398591891543,0.474910405636021,1.10316362644775,2026-01-01
"small_tight","cpi_inflation",3,0.734047668932488,0.436103257010288,1.08799437176322,2026-01-01
"small_tight","cpi_inflation",4,0.723356869164439,0.442408591159609,1.06411486701788,2026-01-01
"small_tight","cpi_inflation",5,0.76543102803295,0.464345696973637,1.14353859779696,2026-01-01
"small_tight","cpi_inflation",6,0.767751362067875,0.392096428622578,1.11537548016994,2026-01-01
"small_tight","cpi_inflation",7,0.735116529642896,0.405368372570556,1.05900062948228,2026-01-01
"small_tight","cpi_inflation",8,0.725719853624111,0.369671455100849,1.0775883710267,2026-01-01
"small_tight","cpi_inflation",9,0.727767955568317,0.340634687974226,1.07004846627739,2026-01-01
"small_tight","cpi_inflation",10,0.719565248782936,0.38443453076529,1.06275822695301,2026-01-01
"small_tight","cpi_inflation",11,0.752509829639893,0.319738728692984,1.08682609450051,2026-01-01
"small_tight","cpi_inflation",12,0.718359435171573,0.37760338425102,1.12949805291652,2026-01-01
"small_tight","unemp_rate",1,4.24482862370293,3.95442482071081,4.47812406756077,2026-01-01
"small_tight","unemp_rate",2,4.25197177830731,3.79134161009103,4.648019998569,2026-01-01
"small_tight","unemp_rate",3,4.25478221301258,3.68027616986008,4.78714704795927,2026-01-01
"small_tight","unemp_rate",4,4.28344030925347,3.60900363048623,4.85997996465257,2026-01-01
"small_tight","unemp_rate",5,4.26977737195572,3.43457887475726,4.91548303546382,2026-01-01
"small_tight","unemp_rate",6,4.25449806467252,3.43715025633719,4.96572368883067,2026-01-01
"small_tight","unemp_rate",7,4.26783073955532,3.39432528278501,5.05368803542296,2026-01-01
"small_tight","unemp_rate",8,4.29318874350419,3.39962528865866,5.07455894396999,2026-01-01
"small_tight","unemp_rate",9,4.29309996072757,3.30984414562467,5.16796003450647,2026-01-01
"small_tight","unemp_rate",10,4.34323196254534,3.16357513413436,5.20410108035416,2026-01-01
"small_tight","unemp_rate",11,4.2996689650834,3.15616468968141,5.2659612953477,2026-01-01
"small_tight","unemp_rate",12,4.31530597379876,3.15255140271424,5.24894063742694,2026-01-01
"small_tight","cash_rate",1,3.83695216514577,3.29768056725074,4.31114433802265,2026-01-01
"small_tight","cash_rate",2,3.88029082151447,3.0129123447186,4.58526180933277,2026-01-01
"small_tight","cash_rate",3,3.85747967069461,2.74750002560268,4.74320863563963,2026-01-01
"small_tight","cash_rate",4,3.86075852084074,2.5408398796147,5.01981684817708,2026-01-01
"small_tight","cash_rate",5,3.85238257205073,2.49143270815374,5.30333299632376,2026-01-01
"small_tight","cash_rate",6,3.86321195124824,2.3520735487102,5.50163780357702,2026-01-01
"small_tight","cash_rate",7,3.8796605657096,2.17320646776498,5.56304817037026,2026-01-01
"small_tight","cash_rate",8,3.89323993529416,1.78753074570891,5.60004474671841,2026-01-01
"small_tight","cash_rate",9,3.82485525648535,1.79676558096494,5.61063143910279,2026-01-01
"small_tight","cash_rate",10,3.85987464644132,1.67458827828917,5.76149605776256,2026-01-01
"small_tight","cash_rate",11,3.84451973976165,1.54280968993463,5.89227312264875,2026-01-01
"small_tight","cash_rate",12,3.86360010539928,1.39378923767351,6.12720387745195,2026-01-01
"rw","gdp_growth",1,0.307202296857484,-0.827927041203387,1.26881939749088,2026-01-01
"rw","gdp_growth",2,0.2738556956214,-1.23188828568708,1.74704155594297,2026-01-01
"rw","gdp_growth",3,0.371191739253477,-1.47980141045751,2.04560572452923,2026-01-01
"rw","gdp_growth",4,0.288986096025238,-1.83792742825583,2.32433634866847,2026-01-01
"rw","gdp_growth",5,0.177499934139979,-2.0419961930758,2.67842779482835,2026-01-01
"rw","gdp_growth",6,0.233606679837052,-2.21252271860967,2.85801249045687,2026-01-01
"rw","gdp_growth",7,0.357161904099392,-2.55573651073521,3.02864420068157,2026-01-01
"rw","gdp_growth",8,0.341156681769898,-2.6763959747401,3.20552267890299,2026-01-01
"rw","gdp_growth",9,0.335146125395514,-2.87763843354256,3.72432079177302,2026-01-01
"rw","gdp_growth",10,0.349796923447868,-2.93696950378123,3.7087113363013,2026-01-01
"rw","gdp_growth",11,0.303989356931007,-3.03192746946234,3.72444030211554,2026-01-01
"rw","gdp_growth",12,0.391687126973217,-3.12800437522586,4.1402919446059,2026-01-01
"rw","cpi_inflation",1,0.803584723482071,0.540540516318912,1.14381507083555,2026-01-01
"rw","cpi_inflation",2,0.777591535106374,0.39526568887681,1.24133250382962,2026-01-01
"rw","cpi_inflation",3,0.768170776117009,0.349236651314758,1.31826822994168,2026-01-01
"rw","cpi_inflation",4,0.795358920550696,0.22487634423299,1.32484652487152,2026-01-01
"rw","cpi_inflation",5,0.766304636763493,0.167424743817041,1.44632590062476,2026-01-01
"rw","cpi_inflation",6,0.77042076039395,0.0983061770664653,1.4933641546231,2026-01-01
"rw","cpi_inflation",7,0.745016719310225,-0.00150593623926502,1.55449948834465,2026-01-01
"rw","cpi_inflation",8,0.721245369112413,-0.0508326710751211,1.65374026149526,2026-01-01
"rw","cpi_inflation",9,0.724481349526906,-0.0901626375356834,1.74238475808443,2026-01-01
"rw","cpi_inflation",10,0.702760933005139,-0.150553491382842,1.73888609471512,2026-01-01
"rw","cpi_inflation",11,0.694342179422664,-0.206638732352551,1.81899516048961,2026-01-01
"rw","cpi_inflation",12,0.727135961254439,-0.322710895860862,1.8603849744203,2026-01-01
"rw","unemp_rate",1,4.213841693475,3.97101560988065,4.55706391126926,2026-01-01
"rw","unemp_rate",2,4.24187202004164,3.80933037743293,4.65096936379179,2026-01-01
"rw","unemp_rate",3,4.19804078925486,3.73015854724304,4.76882032577137,2026-01-01
"rw","unemp_rate",4,4.26184330892195,3.68090340320816,4.8298173546645,2026-01-01
"rw","unemp_rate",5,4.23269266172228,3.56326689283765,4.89450469402188,2026-01-01
"rw","unemp_rate",6,4.2522626782172,3.53797617096049,4.94930658300894,2026-01-01
"rw","unemp_rate",7,4.24580638383443,3.34568267213681,5.0037001082331,2026-01-01
"rw","unemp_rate",8,4.26872476511572,3.30599021282871,4.96233442554231,2026-01-01
"rw","unemp_rate",9,4.24852304799506,3.32888990618588,5.02409696444576,2026-01-01
"rw","unemp_rate",10,4.26845155833047,3.29644290124791,5.06158230382553,2026-01-01
"rw","unemp_rate",11,4.2820464102808,3.23214432307976,5.19899085395546,2026-01-01
"rw","unemp_rate",12,4.25682665020153,3.25295407383143,5.25627217113632,2026-01-01
"rw","cash_rate",1,3.80951683699469,3.28994556520775,4.34519730482042,2026-01-01
"rw","cash_rate",2,3.80948430212051,3.05515618203084,4.57359042775621,2026-01-01
"rw","cash_rate",3,3.79746576347045,2.79093645366986,4.7423583788636,2026-01-01
"rw","cash_rate",4,3.82562971436574,2.71987715959297,4.91292180828429,2026-01-01
"rw","cash_rate",5,3.87031705633265,2.59869963800872,5.07042495024176,2026-01-01
"rw","cash_rate",6,3.86874123577409,2.52134867860547,5.19838083007301,2026-01-01
"rw","cash_rate",7,3.78555661221964,2.35498618995367,5.32131619356116,2026-01-01
"rw","cash_rate",8,3.86976485962735,2.2721550157806,5.46170828193133,2026-01-01
"rw","cash_rate",9,3.80989921798141,2.14528935073158,5.50235315526987,2026-01-01
"rw","cash_rate",10,3.91668522144859,1.98798614845606,5.48054966590737,2026-01-01
"rw","cash_rate",11,3.83046902152286,2.01111970509339,5.60032232124013,2026-01-01
"rw","cash_rate",12,3.86043333728355,1.977851339682,5.81347437619745,2026-01-01
"ar4","gdp_growth",1,0.78911014392332,-0.0703575503553646,1.50872305676335,2026-01-01
"ar4","gdp_growth",2,0.666785288449155,-0.144904110998907,1.44771120374288,2026-01-01
"ar4","gdp_growth",3,0.770234476662677,-0.0986393198708189,1.56448943291253,2026-01-01
"ar4","gdp_growth",4,0.694558760420671,-0.141295440949393,1.45810478235823,2026-01-01
"ar4","gdp_growth",5,0.69786708200161,-0.0626592988462505,1.58092036402985,2026-01-01
"ar4","gdp_growth",6,0.713608761050277,-0.122601517385462,1.49691916342263,2026-01-01
"ar4","gdp_growth",7,0.718647929125753,-0.131792037238385,1.42587534281182,2026-01-01
"ar4","gdp_growth",8,0.63720385905276,-0.0929553679822928,1.44477747200349,2026-01-01
"ar4","gdp_growth",9,0.771217964637674,-0.146114482870031,1.47001091090381,2026-01-01
"ar4","gdp_growth",10,0.729349778294318,-0.146394633886067,1.61158121847307,2026-01-01
"ar4","gdp_growth",11,0.705885582021193,-0.0929563670264347,1.50673886023653,2026-01-01
"ar4","gdp_growth",12,0.758788000799214,-0.0432273735917352,1.53831126224728,2026-01-01
"ar4","cpi_inflation",1,0.737003267480687,0.457403222379731,1.04098031060768,2026-01-01
"ar4","cpi_inflation",2,0.757304455888809,0.393038692443647,1.04456121292588,2026-01-01
"ar4","cpi_inflation",3,0.683767888874386,0.365169964688693,1.00446809394888,2026-01-01
"ar4","cpi_inflation",4,0.698834463371337,0.355152447935429,1.00354470560965,2026-01-01
"ar4","cpi_inflation",5,0.688876868984301,0.368608010528271,1.05978246564511,2026-01-01
"ar4","cpi_inflation",6,0.675904078187022,0.349967921424375,1.02244639052422,2026-01-01
"ar4","cpi_inflation",7,0.66676517631903,0.357151323394489,0.955722876214048,2026-01-01
"ar4","cpi_inflation",8,0.648226862144881,0.363826534620502,0.956726441031556,2026-01-01
"ar4","cpi_inflation",9,0.662080439283163,0.33540180628329,0.972509227262839,2026-01-01
"ar4","cpi_inflation",10,0.671326343351695,0.352185644962546,0.991591330411802,2026-01-01
"ar4","cpi_inflation",11,0.669581307260201,0.37783044470625,0.93201585272672,2026-01-01
"ar4","cpi_inflation",12,0.661032506176498,0.353025453637867,0.980648987499509,2026-01-01
"ar4","unemp_rate",1,4.33211941167849,4.0172304008796,4.68474186498972,2026-01-01
"ar4","unemp_rate",2,4.41776229919369,3.98776021385763,4.86075256274957,2026-01-01
"ar4","unemp_rate",3,4.4879406268447,4.02251299185561,5.03020779546671,2026-01-01
"ar4","unemp_rate",4,4.5296138298097,4.00703703816101,5.12205878201608,2026-01-01
"ar4","unemp_rate",5,4.61586353451862,4.03202999918797,5.17532642471219,2026-01-01
"ar4","unemp_rate",6,4.6475084329863,4.068105754173,5.28516366544325,2026-01-01
"ar4","unemp_rate",7,4.70236599612575,4.10779348124981,5.3918127104249,2026-01-01
"ar4","unemp_rate",8,4.7285709314921,4.05546115727749,5.42835349284781,2026-01-01
"ar4","unemp_rate",9,4.74306952629082,4.05016361097832,5.44553947952836,2026-01-01
"ar4","unemp_rate",10,4.79167161934424,4.06810696238138,5.5459412140438,2026-01-01
"ar4","unemp_rate",11,4.80677436514262,4.15233141134067,5.52126376970073,2026-01-01
"ar4","unemp_rate",12,4.83474133014409,4.13546502136001,5.54872176356919,2026-01-01
"ar4","cash_rate",1,3.78928483028376,3.18622479108448,4.33554550936888,2026-01-01
"ar4","cash_rate",2,3.77908889515301,2.93686907860401,4.61009489717827,2026-01-01
"ar4","cash_rate",3,3.76048102458979,2.68328799608523,4.84766197945375,2026-01-01
"ar4","cash_rate",4,3.83135867229241,2.58027953404215,5.0064776672569,2026-01-01
"ar4","cash_rate",5,3.86019562568944,2.38286553087796,5.20020282335539,2026-01-01
"ar4","cash_rate",6,3.86331963314076,2.39977154138538,5.22516826717581,2026-01-01
"ar4","cash_rate",7,3.90395217724934,2.27035905862119,5.330705391678,2026-01-01
"ar4","cash_rate",8,3.85545547832253,2.16305928546878,5.55772598820708,2026-01-01
"ar4","cash_rate",9,3.82766668089375,2.02860395996583,5.52082119114164,2026-01-01
"ar4","cash_rate",10,3.84608582251673,1.84137711679349,5.57531242040915,2026-01-01
"ar4","cash_rate",11,3.82785341902007,1.84036153202501,5.69017690120764,2026-01-01
"ar4","cash_rate",12,3.71339799376115,1.80891785565123,5.66397147470814,2026-01-01
"ucsv","gdp_growth",1,0.460004209478905,-0.363795389804679,1.27754331852458,2026-01-01
"ucsv","gdp_growth",2,0.402780341162495,-0.402283748468872,1.25808268077668,2026-01-01
"ucsv","gdp_growth",3,0.520408238756894,-0.343219480009915,1.39031267722126,2026-01-01
"ucsv","gdp_growth",4,0.449073336637232,-0.325313634834808,1.39431958675176,2026-01-01
"ucsv","gdp_growth",5,0.457738175381282,-0.577754280156546,1.41734082248472,2026-01-01
"ucsv","gdp_growth",6,0.504153081557063,-0.622632046837843,1.42675808081757,2026-01-01
"ucsv","gdp_growth",7,0.498357923581619,-0.514009686841416,1.42567155791418,2026-01-01
"ucsv","gdp_growth",8,0.476043334277545,-0.650029216371347,1.79163073093027,2026-01-01
"ucsv","gdp_growth",9,0.467039301411448,-0.929074966702766,1.77498506597065,2026-01-01
"ucsv","gdp_growth",10,0.488286710458327,-0.857894780129477,1.73427002184194,2026-01-01
"ucsv","gdp_growth",11,0.494325332131918,-0.767087457820867,1.77107727263375,2026-01-01
"ucsv","gdp_growth",12,0.449991215293186,-0.673265471192277,1.73070337565079,2026-01-01
"ucsv","cpi_inflation",1,0.826436225775154,0.49463047558212,1.14944106701373,2026-01-01
"ucsv","cpi_inflation",2,0.845264364024386,0.473490769603135,1.23586491678889,2026-01-01
"ucsv","cpi_inflation",3,0.848820026659855,0.379795932609241,1.23166128343125,2026-01-01
"ucsv","cpi_inflation",4,0.844546167392048,0.429804708811935,1.28210498343396,2026-01-01
"ucsv","cpi_inflation",5,0.8384508078871,0.379110002131219,1.27382259945881,2026-01-01
"ucsv","cpi_inflation",6,0.877619032310953,0.33545914666995,1.42167842492769,2026-01-01
"ucsv","cpi_inflation",7,0.848986318634382,0.372189860282096,1.41110482365472,2026-01-01
"ucsv","cpi_inflation",8,0.875364613728529,0.324965761071107,1.42203138350229,2026-01-01
"ucsv","cpi_inflation",9,0.872960023404994,0.311384248565232,1.41175610454417,2026-01-01
"ucsv","cpi_inflation",10,0.864590400140832,0.251588701692751,1.46578020348158,2026-01-01
"ucsv","cpi_inflation",11,0.852319508181483,0.215604943699757,1.44056709822585,2026-01-01
"ucsv","cpi_inflation",12,0.854385097055365,0.125316357404414,1.50003657164815,2026-01-01
"ucsv","unemp_rate",1,4.20994267950852,3.83335069312158,4.51818471296522,2026-01-01
"ucsv","unemp_rate",2,4.21779771981182,3.71114616435471,4.72441791821185,2026-01-01
"ucsv","unemp_rate",3,4.20349037255513,3.54617983111217,4.75542678868666,2026-01-01
"ucsv","unemp_rate",4,4.2271886766374,3.46913681623236,4.85676265337873,2026-01-01
"ucsv","unemp_rate",5,4.21901236417718,3.39181881365472,4.95054947728894,2026-01-01
"ucsv","unemp_rate",6,4.1841684220055,3.34561879897858,5.02863160072397,2026-01-01
"ucsv","unemp_rate",7,4.15726487172065,3.22613876693104,5.04382827783269,2026-01-01
"ucsv","unemp_rate",8,4.18748390344894,3.2356698497523,5.07999323024639,2026-01-01
"ucsv","unemp_rate",9,4.19406398300832,3.16576339723367,5.09844908268869,2026-01-01
"ucsv","unemp_rate",10,4.13615036654547,3.13602300037683,5.1711163792469,2026-01-01
"ucsv","unemp_rate",11,4.14626261410932,3.07155153083496,5.24819241942947,2026-01-01
"ucsv","unemp_rate",12,4.15990623300784,2.97728367169475,5.36706997281301,2026-01-01
"ucsv","cash_rate",1,3.7872163363303,3.22068426740691,4.42093078692045,2026-01-01
"ucsv","cash_rate",2,3.79515875741773,3.03039244711877,4.61132711313542,2026-01-01
"ucsv","cash_rate",3,3.81916883179021,2.78150849551335,4.79632553944297,2026-01-01
"ucsv","cash_rate",4,3.83439497667717,2.7170283773235,5.02210003797849,2026-01-01
"ucsv","cash_rate",5,3.75314426830743,2.37628003307379,5.11518711883245,2026-01-01
"ucsv","cash_rate",6,3.75927209048645,2.27936774887355,5.24476653753277,2026-01-01
"ucsv","cash_rate",7,3.71256216835884,2.25287342350484,5.28669089542591,2026-01-01
"ucsv","cash_rate",8,3.72261026092378,2.17494879985224,5.44747097900867,2026-01-01
"ucsv","cash_rate",9,3.82546873612666,2.18556438931414,5.65361736506448,2026-01-01
"ucsv","cash_rate",10,3.81426099985248,2.18391361862353,5.72385252470997,2026-01-01
"ucsv","cash_rate",11,3.8254417509551,2.06742137925076,5.91818426911721,2026-01-01
"ucsv","cash_rate",12,3.90680222036547,1.87663948649789,5.97233981383612,2026-01-01
"ucmean","gdp_growth",1,0.686028633473149,-0.0722420720966463,1.60869531355555,2026-01-01
"ucmean","gdp_growth",2,0.698260970080012,-0.102102278930024,1.52725445351065,2026-01-01
"ucmean","gdp_growth",3,0.73888158108274,-0.132104187183192,1.58697415990565,2026-01-01
"ucmean","gdp_growth",4,0.749022660946235,-0.0193574607550654,1.60317903294454,2026-01-01
"ucmean","gdp_growth",5,0.727329664029951,-0.206030467446439,1.53883718134767,2026-01-01
"ucmean","gdp_growth",6,0.734012244161075,-0.0681824044905185,1.60168860172813,2026-01-01
"ucmean","gdp_growth",7,0.6833847762596,-0.140005441405028,1.50178705720307,2026-01-01
"ucmean","gdp_growth",8,0.775536634059198,-0.163435359246214,1.5960331908973,2026-01-01
"ucmean","gdp_growth",9,0.710207197592899,-0.1515828151499,1.5481361840407,2026-01-01
"ucmean","gdp_growth",10,0.692034005800056,-0.27445820279,1.55253571234591,2026-01-01
"ucmean","gdp_growth",11,0.692543259658768,-0.200665878892658,1.59396017737378,2026-01-01
"ucmean","gdp_growth",12,0.754422901528737,-0.0909284991261943,1.52915672591325,2026-01-01
"ucmean","cpi_inflation",1,0.653670614321112,0.264739954689183,1.11782373011571,2026-01-01
"ucmean","cpi_inflation",2,0.687753669680411,0.293260047572446,1.0996172481575,2026-01-01
"ucmean","cpi_inflation",3,0.662343324805923,0.215031742794356,1.02149842194033,2026-01-01
"ucmean","cpi_inflation",4,0.632940019525983,0.244699464736978,1.03601347264325,2026-01-01
"ucmean","cpi_inflation",5,0.667685129771998,0.305357431360741,1.08399624140172,2026-01-01
"ucmean","cpi_inflation",6,0.678168781297978,0.256741438500622,1.06720590557792,2026-01-01
"ucmean","cpi_inflation",7,0.671373296779317,0.263272425612611,1.06987749341344,2026-01-01
"ucmean","cpi_inflation",8,0.670377984914422,0.277248214015049,1.1495419141867,2026-01-01
"ucmean","cpi_inflation",9,0.63486638037252,0.282323703596065,1.0446215438597,2026-01-01
"ucmean","cpi_inflation",10,0.666255439734541,0.263364258884762,1.09336997664371,2026-01-01
"ucmean","cpi_inflation",11,0.682102341553189,0.278109833567251,1.11189525908754,2026-01-01
"ucmean","cpi_inflation",12,0.661547586313642,0.230307682148275,1.02491102538935,2026-01-01
"ucmean","unemp_rate",1,5.37779673348068,3.62218173981377,7.04917245838445,2026-01-01
"ucmean","unemp_rate",2,5.40761359896746,3.96552488720027,7.13269479434356,2026-01-01
"ucmean","unemp_rate",3,5.39245505681696,3.66500398062923,6.92669838224124,2026-01-01
"ucmean","unemp_rate",4,5.40785435972135,3.94688413355758,7.04320969396761,2026-01-01
"ucmean","unemp_rate",5,5.44421048276225,3.91091561861356,7.13677673891957,2026-01-01
"ucmean","unemp_rate",6,5.43702390878062,3.67454396143171,7.09586383775889,2026-01-01
"ucmean","unemp_rate",7,5.52206399700228,3.8332586128579,7.01406794124477,2026-01-01
"ucmean","unemp_rate",8,5.39872948214729,3.93580537312574,7.01995482249637,2026-01-01
"ucmean","unemp_rate",9,5.45171933802162,3.63127261233566,6.93907596033894,2026-01-01
"ucmean","unemp_rate",10,5.40897214284538,3.84530459810556,6.98344526362145,2026-01-01
"ucmean","unemp_rate",11,5.6185000053145,4.12574284411262,7.02891181989465,2026-01-01
"ucmean","unemp_rate",12,5.54156118973065,3.88171473377852,7.29255750927333,2026-01-01
"ucmean","cash_rate",1,4.00933331306712,1.10970175815078,7.02921710510137,2026-01-01
"ucmean","cash_rate",2,3.81096074921942,1.48514124467556,6.50171924875272,2026-01-01
"ucmean","cash_rate",3,3.90004695324108,1.40269659830183,6.84187547790213,2026-01-01
"ucmean","cash_rate",4,4.05898231391548,0.978832683484657,6.7325750490867,2026-01-01
"ucmean","cash_rate",5,3.8076102625774,0.990867233898882,6.68070523522579,2026-01-01
"ucmean","cash_rate",6,4.21415715831007,1.57110185233724,6.97470884426553,2026-01-01
"ucmean","cash_rate",7,3.87604404600423,1.14805042156138,6.48010038930667,2026-01-01
"ucmean","cash_rate",8,4.02295092245845,1.07418207508492,6.66041720763859,2026-01-01
"ucmean","cash_rate",9,4.06912908813103,1.27799371221405,6.59910156547908,2026-01-01
"ucmean","cash_rate",10,3.82087427266176,1.56511228347495,6.5222013447398,2026-01-01
"ucmean","cash_rate",11,3.96397667914321,0.997821079723517,6.90080754571623,2026-01-01
"ucmean","cash_rate",12,3.75329794384969,1.3133619989554,6.88759880373865,2026-01-01
